*DOAJ Keywords	Wikidata label(en)	WikidataQID
arts	arts	Q102357321
hermeneutics	hermeneutics	Q102686
theory and methodology	hermeneutics	Q102686
digital humanities	digital humanities	Q1026962
text mining	digital humanities	Q1026962
child protection	child protection	Q1029430
civilization	history of civilization	Q10300571
digital media	digital media	Q10334763
rural settlement	rural settlement	Q10354598
colombian history	history of Colombia	Q1044401
community service	community services	Q104777741
european integration	European integration	Q1048268
sudan	Sudan	Q1049
ecological economics	ecological economics	Q1049066
invasion ecology	invasion ecology	Q105094378
south asian studies	South Asia studies	Q105397778
museography	museography	Q1054701
museum practice	museography	Q1054701
natural resources	natural resources	Q105575840
human resource management	human resource management	Q1056396
music history	music history	Q10590700
north germanic	North Germanic	Q106085
theatre history	history of theatre	Q1061140
criminal justice	criminal justice	Q106597211
historical	study of history	Q1066186
history	study of history	Q1066186
theory of ideas	theory of forms	Q1068658
geology	geology	Q1069
geagraphy	geography	Q1071
geographical	geography	Q1071
geography	geography	Q1071
film history	history of film	Q107478
microscopy	microscopy	Q1074953
english education	English pedagogy	Q107550344
indigenous cultures	indigenous studies	Q108352346
indigenous studies	indigenous studies	Q108352346
francophone studies	Francophone studies	Q108366776
archivistics	archivistics	Q10855175
spanish civil war	Spanish Civil War	Q10859
paleoethnology	paleoethnology	Q108941726
greek literature	Greek literature	Q1089547
early modern history	Early Modern History	Q109120185
historical sciences	historical sciences	Q109311746
flemish art	Flemish art	Q109529973
english literature	English literature	Q109587623
korean literature	Korean literature	Q109607471
hungarian literature	Hungarian literature	Q109648177
technologies	technology	Q11016
technology	technology	Q11016
maori archaeology	Māori archaeology	Q110252734
media	mass media	Q11033
christianity	Christian studies	Q110419499
hispanic civilization	hispanism	Q1109432
hispanic studies	hispanism	Q1109432
hispanism	hispanism	Q1109432
biodiversity	biodiversity science	Q111325032
institutional economics	institutional economics	Q1118654
medicine	medicine	Q11190
history of diseases	history of public health	Q112132551
solutrean	Solutrean	Q1121344
paraguay	history of Paraguay	Q1121772
development economics	development economics	Q1127188
investigation	investigative journalism	Q1127717
climate change	Climate change science	Q112939747
cultural landscapes	cultural landscape	Q1129474
greek literature;	Latin and classical Greek literature	Q113128791
north american literature	North American literature	Q113128838
slavic history	Slavic history	Q113182660
slavic philology	Slavic philology	Q113884038
microhistory	microhistory	Q1140541
cultural studies	cultural studies	Q1143546
culture	cultural studies	Q1143546
literary and cultural studies	cultural studies	Q1143546
turkish political history	political history of Turkey	Q1144545
agriculture	agriculture	Q11451
italian political history	political history	Q1147507
political history	political history	Q1147507
international human rights law	international human rights law	Q1147615
audiovisual culture	audiovisual culture	Q115161738
colonial	colonial studies	Q11540642
colonial and postcolonial studies	colonial studies	Q11540642
colonialism	colonial studies	Q11540642
local history	local history	Q1160621
historical archaeology	historical archaeology	Q1161034
photography	photography	Q11633
information technology	information technology	Q11661
mathematical logic	mathematical logic	Q1166618
communication	communication studies	Q11680831
communications	communication studies	Q11680831
science communications	communication studies	Q11680831
archival studies	archival studies	Q116935765
archives and records management	archival studies	Q116935765
english history	history of England	Q11755949
stone age	Stone Age	Q11759
bronze age	Bronze Age	Q11761
iron age	Iron Age	Q11764
greek antiquity	Ancient Greece	Q11772
basic medical sciences	medical sciences	Q11790210
medical sciences	medical sciences	Q11790210
history of economics	history of economics	Q11896198
early middle ages	medieval studies	Q119190
mediaeval	medieval studies	Q119190
medieval art	medieval studies	Q119190
medieval culture	medieval studies	Q119190
medieval period	medieval studies	Q119190
medieval studies	medieval studies	Q119190
medieval thought	medieval studies	Q119190
medievalism	medieval studies	Q119190
middle age studies	medieval studies	Q119190
middle ages	medieval studies	Q119190
inequality	inequality	Q119269474
conflict resolution	conflict resolution	Q1194317
historical methodology	historical method	Q1196545
methodology of history	historical method	Q1196545
methods of historical research	historical method	Q1196545
central american history	history of Central America	Q1202140
historical research	historical research	Q12075100
late roman empire	Later Roman Empire	Q120754706
services	services	Q120910081
rock art	rock art	Q1211146
academy	academia	Q1211427
health	health	Q12147
jerusalem	Jerusalem	Q1218
baltic history	history of the Baltic States	Q121863350
baltic sea history	history of the Baltic States	Q121863350
middle east	Middle Eastern studies	Q12211529
middle east studies	Middle Eastern studies	Q12211529
near east	Middle Eastern studies	Q12211529
gynecology	gynaecology	Q1221899
historical cartography	historical cartography	Q12261349
architecture	architecture	Q12271
russian language	Russian language	Q122969414
arctic region	Greenlandic and Arctic Studies	Q12310624
medieval spain	Spain in the Middle Ages	Q1231361
geopoetics	Geopoetics	Q123631124
medieval english	medieval English literature	Q12391992
violence	violence	Q124490
conservation biogeography	Conservation Biogeography	Q124811051
statistic	statistics	Q12483
enlightenment studies	Age of Enlightenment	Q12539
byzantium	Byzantine Empire	Q12544
philosophy of economics	philosophy and economics	Q1257388
medical education	medical education	Q126945
theory of history	theory of history	Q127374077
maya studies	Maya studies	Q12771257
romance philology	Romance studies	Q1277348
women's history	women's history	Q1279400
security studies	security studies	Q1280151
human geography	human geography	Q12831143
iberian peninsula	Iberian Peninsula	Q12837
byzantine archaeology	byzantine archaeology	Q12874773
byzantine literature	Greek Byzantine literature	Q12876145
carpathians	Carpathians	Q1288
bosnia and herzegovina	Constitution of Bosnia and Herzegovina	Q1291601
slavery	history of slavery	Q12981973
sustainable development	sustainable development	Q131201
folklore studies	folkloristics	Q132116
ethnography	ethnography	Q132151
regional economics	regional economics	Q1328737
regional economy	regional economics	Q1328737
sub-saharan africa	sub-Saharan Africa	Q132959
science studies	science studies	Q1332231
hungarian linguistics	Hungarian linguistics	Q133260951
writing	literary composing	Q1333743
codicology	codicology	Q1338164
codidology	codicology	Q1338164
manuscript studies	codicology	Q1338164
cultural diversity	cultural diversity	Q1338878
arab-islamic culture	Islamic culture	Q1340372
bioarchaeology	bioarchaeology	Q13404081
library and information science	library and information science	Q13420675
refugees	Refugee studies	Q134621536
bibliography	bibliography	Q134995
brasilian studies	Brazilian studies	Q136455925
brazil	Brazilian studies	Q136455925
european martial arts	martial arts studies	Q136455984
martial arts studies	martial arts studies	Q136455984
martial culture	martial arts studies	Q136455984
ethnography of siberia	Siberian studies	Q136458097
russian far east	Siberian studies	Q136458097
siberian studies	Siberian studies	Q136458097
terror	terror	Q13648784
polemology	war studies	Q1367522
war studies	war studies	Q1367522
etruscology	etruscology	Q1371704
teacher training	teacher education	Q1374230
central and eastern europe	European studies	Q1377029
europe	European studies	Q1377029
european studies	European studies	Q1377029
european union	European studies	Q1377029
adriatic sea	Adriatic Sea	Q13924
development	new product development	Q1395034
social innovation	social innovation	Q1399209
economic theory	economic theory	Q1401304
industrial organisation	industrial organization	Q1411783
industrial organization	industrial organization	Q1411783
eastern europe	Eastern European studies	Q1413113
art theory	art theory	Q1414089
social movements	social studies	Q14565700
social studies	social studies	Q14565700
egyptology	Egyptology	Q145903
environmental engineering	environmental engineering	Q146326
dialectology	dialectology	Q146893
spatial planning	spatial planning	Q149013
hospitality	hospitality industry	Q1495452
african history	history of Africa	Q149813
history of africa	history of Africa	Q149813
associativity	cooperative movement	Q1502514
cooperativism	cooperative movement	Q1502514
costa rican history	history of Costa Rica	Q1516374
intersectionality	intersectionality	Q1516555
catholic church	history of the Catholic Church	Q1517265
history of sport	history of sports	Q1517491
historical cultures	historical culture	Q1517742
gender history	gender history	Q1517835
critical pedagogy	critical pedagogy	Q1519217
ghettos	ghetto	Q152018
textual studies	textual scholarship	Q15473066
environmental history	environmental history	Q1561862
history of the holocaust	Holocaust studies	Q1568255
holocaust	Holocaust studies	Q1568255
slavic	Slavic studies	Q156864
slavic cultures	Slavic studies	Q156864
slavic studies	Slavic studies	Q156864
slavic studies; history;	Slavic studies	Q156864
urban history	urban history	Q1569011
sociology of culture	sociology of culture	Q1570681
social pedagogy	social pedagogy	Q1572493
political studies	political studies	Q15831440
book history	history of the book	Q15873402
human sciences	human science	Q1587903
russia	Russia	Q159
geopolitics	geopolitics	Q159385
econometrics	econometrics	Q160039
russian history	history of Russia	Q161414
roman law	Roman law	Q162314
digital scholarship	digital scholarship	Q16246050
greek	Greek studies	Q16267481
greek culture	Greek studies	Q16267481
hellenism	Greek studies	Q16267481
east asian studies	East Asian studies	Q162817
information science	information science	Q16387
music	musicology	Q164204
musicology	musicology	Q164204
film and television studies	media studies	Q165650
media	media studies	Q165650
media studies	media studies	Q165650
production	media studies	Q165650
human capital	human capital	Q165687
blach sea area	Black Sea	Q166
film studies	film studies	Q1660187
germany	German studies	Q166153
industrial history	industrial history	Q1662034
gender	gender studies	Q1662673
gender studies	gender studies	Q1662673
internacional relations	international relations	Q166542
international relations	international relations	Q166542
classical archaeology	classical archaeology	Q1669589
medieval archaelogy	medieval archaeology	Q1671076
medieval archaeology	medieval archaeology	Q1671076
medieval archeology	medieval archaeology	Q1671076
history of knowledge	history of knowledge	Q16929577
early modern philosophy	early modern philosophy	Q16966481
journalism	journalism studies	Q1709909
restauration	gastronomy	Q171141
ocean governance	ocean governance	Q17162759
social economy	social economy	Q1725719
invention	innovation	Q174165
roman antiquity	Ancient Rome	Q1747689
naming	onomastics	Q175156
onomastics	onomastics	Q175156
proper names	onomastics	Q175156
rural areas	rural area	Q175185
christian archaeology	Christian archaeology	Q1760972
conflicts	conflict studies	Q1781444
russian literature	Russian literature	Q179161
philosophy of culture	philosophy of culture	Q1791813
cultural theory	culture theory	Q1791882
phenomenology	phenomenology	Q179235
political philosophy	political philosophy	Q179805
political thought	political philosophy	Q179805
history of writing	palaeography	Q179957
paleography	palaeography	Q179957
church history	church history	Q1800439
regional history	regional history	Q1802210
waste management	waste management	Q180388
philosophy of mathematics	philosophy of mathematics	Q180536
social philosophy	social philosophy	Q180592
latin	Latin studies	Q1806979
epigrafi	epigraphy	Q181260
epigraphic studies	epigraphy	Q181260
epigraphy	epigraphy	Q181260
greek and latin epigraphy	epigraphy	Q181260
economic depression	depression	Q1814941
armenian culture	culture of Armenia	Q1818127
civil society	civil society	Q181865
classical reception	classical reception studies	Q18206018
computational linguistics	computational linguistics	Q182557
performing arts	performing arts	Q184485
lexicography	lexicography	Q184524
latin literature	Latin-language literature	Q184890
quantitative analysis of economic	quantitative analysis	Q185168
business management	business management	Q18564125
methodology	methodology	Q185698
contemporary art	contemporary art	Q186030
contemporary culture	contemporary art	Q186030
contemporanean history	contemporary history	Q186075
axiology	axiology	Q186531
canon law	canon law	Q188462
environmental science	environmental science	Q188847
environmental sciences	environmental science	Q188847
diplomacy	diplomacy	Q1889
history of islamic art	Islamic art	Q189594
public health	public health	Q189603
economic growth and development	economic growth	Q189833
exhumations	exhumation	Q1898510
diachronic linguistics	historical linguistics	Q190375
historical linguistics	historical linguistics	Q190375
history of the turkish republic	history of Turkey	Q190876
turkish history	history of Turkey	Q190876
working class	working class	Q191159
big history	big history	Q1920418
universal history	big history	Q1920418
history of mentalities	history of mentalities	Q1920942
medieval	medieval philosophy	Q192292
medieval philosophy	medieval philosophy	Q192292
military science	military science	Q192386
military history	military history	Q192781
forced migration	migration studies	Q1932514
internal displacement	migration studies	Q1932514
migration	migration studies	Q1932514
migration of population	migration studies	Q1932514
sports history	history of sport	Q1936640
arab world literature	Arabic literature	Q194380
clean energy	sustainable energy	Q1962383
taxation	taxation	Q1964442
diaspora	diaspora*	Q1973097
anthroponomastics	anthroponymy	Q1973833
russian culture	culture of Russia	Q1976715
sociological theory	social theory	Q1990987
polish history	history of Poland	Q199569
librarianship	library science	Q199655
library science	library science	Q199655
ancient culture	Ancient culture	Q20072760
nature conservation	nature conservation	Q20113959
history of science	history of science	Q201486
history of science in islam	history of science	Q201486
oriental languages	oriental languages	Q2030542
romani studies	Romani studies	Q2037434
belgian history	history of Belgium	Q205317
belgium	history of Belgium	Q205317
history of belgium	history of Belgium	Q205317
television	television studies	Q2065951
applied art	applied arts	Q207241
iconography	iconography	Q208145
history and theory of literature	literary studies	Q208217
letters	literary studies	Q208217
literary studies	literary studies	Q208217
literature	literary studies	Q208217
ethnomusicology	ethnomusicology	Q208365
labour movement	labor movement	Q208701
latvian history	history of Latvia	Q209655
patrimony	cultural heritage	Q210272
history of ukraine	history of Ukraine	Q210701
ukrainian history	history of Ukraine	Q210701
productivity	productivity	Q2111958
history of brazil	history of Brazil	Q211967
computer sciences	computer science	Q21198
history and sociology	sociology	Q21201
sociology	sociology	Q21201
history of mexico	history of Mexico	Q212763
digital collections	digital library	Q212805
material culture	material culture	Q2143054
cultural and social anthropology	social and cultural anthropology	Q21505779
restoration	restoration	Q217102
ethnohistory	ethnohistory	Q2181985
etnohistory	ethnohistory	Q2181985
genomics	genomics	Q222046
history of southeast asia	history of Southeast Asia	Q2227514
art and visual culture in croatia central europe and mediterranean	Croatia	Q224
public economics	public economics	Q2248246
materials science	materials science	Q228736
finance	financial economics	Q2294553
financial economics	financial economics	Q2294553
central europe	Central European studies	Q23019169
social work	social work science	Q2305240
decolonization	decolonization	Q230533
pre-history	prehistory and early history	Q2310752
prehistory	prehistory and early history	Q2310752
american political development	American political development	Q23130273
chemistry	chemistry	Q2329
anthropology	anthropology	Q23404
antropology	anthropology	Q23404
archaelogical research	archaeology	Q23498
archaelogy	archaeology	Q23498
archaeology	archaeology	Q23498
archealogy	archaeology	Q23498
archeology	archaeology	Q23498
archéologie	archaeology	Q23498
arqueologia	archaeology	Q23498
classic archaeology	archaeology	Q23498
excavations	archaeology	Q23498
field archaeology	archaeology	Q23498
mountain archaeology	archaeology	Q23498
world archaeology	archaeology	Q23498
slavic languages	Slavic	Q23526
strategic studies	strategic studies	Q2353818
urban studies	urban studies	Q23578769
sumerian studies	Sumerology	Q2365225
history of latin america	history of Latin America	Q2365406
latin america history	history of Latin America	Q2365406
latin american history	history of Latin America	Q2365406
spanish american history	history of Latin America	Q2365406
data science	data science	Q2374463
data sciences	data science	Q2374463
art criticism	History of art criticism	Q23807882
hispanic literature	Spanish literature	Q238499
history of the netherlands	history of the Netherlands	Q238533
netherlands	history of the Netherlands	Q238533
management	management science	Q2414942
prehistoric	prehistoric archaeology	Q2415966
prehistoric archaeology	prehistoric archaeology	Q2415966
prehistorik arkeoloji	prehistoric archaeology	Q2415966
business economics	Business Economics	Q24208053
catalonia	catalanistics	Q24260742
reclamation	restoration ecology	Q2428433
argentina	history of Argentina	Q243976
argentine history	history of Argentina	Q243976
argentinian history	history of Argentina	Q243976
science and society	science and technology studies	Q2445082
cultural heritage	heritage studies	Q25101906
cultural heritage management	heritage studies	Q25101906
documentary heritage	heritage studies	Q25101906
heritage	heritage studies	Q25101906
heritage studies	heritage studies	Q25101906
memory	heritage studies	Q25101906
recovery of heritage	heritage studies	Q25101906
renaissance studies	Renaissance studies	Q25111456
genocide studies	genocide studies	Q2515819
mass violence	genocide studies	Q2515819
indonesia	Indonesia	Q252
american literature	American literature	Q25340364
public memory	collective memory	Q254217
source studies	source study	Q25495784
source study	source study	Q25495784
historical tourism	heritage tourism	Q2559423
art of war	military art	Q2560087
ottoman history	history of the Ottoman Empire	Q2564225
ancient near eastern archaeology	Near Eastern archaeology	Q258212
near eastern archaeology	Near Eastern archaeology	Q258212
industrial archaeology	industrial archaeology	Q259209
germanic languages	Germanic philology	Q2620112
germanic philology	Germanic philology	Q2620112
bali studies	indonesiology	Q2623652
peacebuilding	peacebuilding	Q2632158
jewish literature	Jewish literature	Q2642350
postcolonial studies	postcolonialism	Q265425
postcolonial theory	postcolonialism	Q265425
commerce	commerce	Q26643
flora	collection	Q2668072
economic thought	history of economic thought	Q268194
history of economic thought	history of economic thought	Q268194
leadership	leadership studies	Q2697537
history of historiography	history of historiography	Q2699662
bio-anthropology	biological anthropology	Q27172
bioanthropology	biological anthropology	Q27172
biological anthropology	biological anthropology	Q27172
physical anthropology	biological anthropology	Q27172
administrative science	science of public administration	Q2736989
textual criticism	textual criticism	Q275456
history of philosophy	history of philosophy	Q27654
the caribbean	Caribbean Studies	Q27715697
native american	Native American studies	Q27752
political anthropology	political anthropology	Q27778
music education	music education	Q27908
english language	English studies	Q27968
english philology	English studies	Q27968
urban anthropology	urban anthropology	Q27977
medieval history	medieval history	Q27992545
celtic studies	Celtic studies	Q27997
labor	labour economics	Q28161
labor economics	labour economics	Q28161
ancient civilization	ancient civilization	Q28171280
world civilizations	ancient civilization	Q28171280
cultural anthropology	cultural anthropology	Q28598
cultural antropology	cultural anthropology	Q28598
islamic archaeology	Islamic archaeology	Q2860612
ibero-american studies	Latin American studies	Q28617
latin america	Latin American studies	Q28617
latin american culture	Latin American studies	Q28617
latin american literature and culture	Latin American studies	Q28617
latin american studies	Latin American studies	Q28617
latin-american studies	Latin American studies	Q28617
multidisciplinary latin american studies	Latin American studies	Q28617
sacred art	religious art	Q2864737
applied science	applied science	Q28797
pannonia	Pannonia	Q28914708
social anthropology	social anthropology	Q29051
identity politics	identity politics	Q2914650
drawing	art of drawing	Q2921001
law and economics	law and economics	Q295354
critical theory	critical sociology	Q301751
history of administration	administrative history	Q30325332
rural development	rural development	Q3045473
fragmentology	fragmentology	Q30708491
general history	history	Q309
past	history	Q309
sejarah	history	Q309
geohistory	geohistory	Q3123464
history of food	food history	Q3136960
celtic history	history of the Celts	Q3137380
visual history	Visual History	Q3137962
contemporary history	contemporary history	Q3137989
policy studies	policy studies	Q3179130
archaeozoology	zooarchaeology	Q318668
arabian peninsula	Arabian Peninsula	Q31945
applied linguistics	applied linguistics	Q321249
engineering economy	engineering economics	Q3234664
british culture	culture of the United Kingdom	Q32501
early modern history	modern period	Q3281534
eighteenth century	modern period	Q3281534
modern ages	modern period	Q3281534
modern history	modern period	Q3281534
modern period	modern period	Q3281534
applied economics	applied economics	Q3296256
applied economy	applied economics	Q3296256
finland	Finland	Q33
history of indonesia	history of Indonesia	Q331596
german art	German art	Q3322735
applied mathematics	applied mathematics	Q33521
digital history	digital history	Q336387
krakow	Kraków	Q33687122
painting	painting	Q3374341
teology	theology	Q34178
theology	theology	Q34178
religion	religious studies	Q34187
religious studies	religious studies	Q34187
religious traditions	religious studies	Q34187
study of religion	religious studies	Q34187
banking	banking	Q3435731
iran	Iran	Q3452112
social	social science	Q34749
social science	social science	Q34749
social sciences	social science	Q34749
social sciencies	social science	Q34749
society	social science	Q34749
sociocultural issues	social science	Q34749
nursing	nursing science	Q3475757
sports	sport	Q349
history of political ideas	history of political thought	Q3500207
women's studies	women's studies	Q35069
representation	performance	Q35140
representations	performance	Q35140
etymology	etymology	Q35245
metaphysics	metaphysics	Q35277
historical anthropology	historical anthropology	Q358120
aesthetics	aesthetics	Q35986
agricultural science	agricultural science	Q3606845
anatolian studies	Anatolian studies	Q3615122
folklor	folklore	Q36192
folklore	folklore	Q36192
world war 2	World War II	Q362
arabic studies	Arabic studies	Q3621186
arabism	Arabic studies	Q3621186
landscape archaeology	landscape archaeology	Q3621486
virtual archaeology	virtual archeology	Q3621490
politic science	political science	Q36442
political science	political science	Q36442
political sciences	political science	Q36442
politics	political science	Q36442
politology	political science	Q36442
visual art	visual arts	Q36649
visual arts	visual arts	Q36649
yugoslavia	Yugoslavia	Q36704
independence processes	independence	Q37055
romanticism studies	Romanticism	Q37068
syntax	syntax	Q37437
russian	Russian studies	Q375470
russian studies	Russian studies	Q375470
demography	demography	Q37732
economic theory. demography	demography	Q37732
diplomatics	diplomatics	Q378426
history of health science	history of medicine	Q380274
history of medicine	history of medicine	Q380274
medical history	history of medicine	Q380274
medical philosophy	history of medicine	Q380274
archival methodology	archival science	Q380313
archival practice	archival science	Q380313
archival science	archival science	Q380313
archival science and practice	archival science	Q380313
archival science theory and methodology	archival science	Q380313
archival-historical issues	archival science	Q380313
archive	archival science	Q380313
archives	archival science	Q380313
records management	archival science	Q380313
gallia	Gaul	Q38060
africa	African studies	Q38157
african development	African studies	Q38157
african studies	African studies	Q38157
southern africa	African studies	Q38157
modern art	modern art	Q38166
law	legal science	Q382995
historical geography	historical geography	Q384001
archaeological computing	digital archaeology	Q39046232
microecomomic	microeconomics	Q39072
microeconomics	microeconomics	Q39072
entrepreneurship	entrepreneurship	Q3908516
behavioural sciences	behavioral sciences	Q3919817
entomology	entomology	Q39286
mathematics	mathematics	Q395
agrarian history	agrarian history	Q396077
rural sociology	rural sociology	Q396246
agricultural economics	agricultural economics	Q396340
semantics	semantics	Q39645
macroeconomic	macroeconomics	Q39680
macroeconomics	macroeconomics	Q39680
macroeconomy	macroeconomics	Q39680
baltic states	Baltic states	Q39731
eastern baltics	Baltic states	Q39731
agroforestry	agroforestry	Q397350
marketing	marketing	Q39809
publicity	marketing	Q39809
serbia	Serbia	Q403
turkish art	Turkish art	Q4046973
agriculture technologies	agricultural technology	Q4057127
philology	philology	Q40634
sources	philology	Q40634
archaeology of the conflict	conflict archaeology	Q4070697
bulgaria	Bulgarian studies	Q4090659
accounting	accounting	Q4116214
physics	physics	Q413
genocide	genocide	Q41397
argentina	Argentina	Q414
ancient greece	ancient history	Q41493
ancient rome	ancient history	Q41493
ancient world	ancient history	Q41493
design	design studies	Q41607440
ethnic studies	ethnic studies	Q41870
biological science	biology	Q420
biology	biology	Q420
jewish culture	Jewish studies	Q42002
jewish studies	Jewish studies	Q42002
history of childhood	history of childhood	Q4204823
aboriginal arts	Indigenous Australian art	Q420716
hydrology	hydrology	Q42250
cartography	cartography	Q42515
finances	finance	Q43015
zoology	zoology	Q431
archaeological geology	geoarchaeology	Q431602
geoarchaeology	geoarchaeology	Q431602
pre-columbian history	Pre-Columbian studies	Q434198
ethnology	ethnology	Q43455
dutch art	Dutch art	Q4351610
oceanography	oceanography	Q43518
ancient history	ancient history	Q435608
antiquity	ancient history	Q435608
watershed management	watershed management	Q4387041
ancient greek	classical studies	Q439072
antiquity science	classical studies	Q439072
history didactics	history didactics	Q440770
history teaching	history didactics	Q440770
teaching history	history didactics	Q440770
roman archaeology	Roman archaeology	Q44097629
botany	botany	Q441
public history	public history	Q441989
game theory	game theory	Q44455
educational policy	education policy	Q452348
pottery	ceramic	Q45621
literary theory	literary theory	Q459381
academic museology	museology	Q460162
museology	museology	Q460162
museum studies	museology	Q460162
sociology of religion	sociology of religion	Q461659
geophysics	geophysics	Q46255
balcan	Balkan studies	Q464974
balcan nations	Balkan studies	Q464974
balkan	Balkan studies	Q464974
balkan peninsula	Balkan studies	Q464974
balkans	Balkan studies	Q464974
the balkans	Balkan studies	Q464974
history of technology	history of technology	Q465352
canada	Canadian studies	Q4676302
canadian studies	Canadian studies	Q4676302
mountains	mountain range	Q46831
america	American studies	Q470125
american	American studies	Q470125
american studies	American studies	Q470125
americanism	American studies	Q470125
business history	business history	Q471400
chile	history of Chile	Q472967
history of chile	history of Chile	Q472967
economic history	economic history	Q47398
economic history and conditions	economic history	Q47398
international economics	international economics	Q47417
international economy	international economics	Q47417
ancient near east	ancient Near Eastern studies	Q4752891
political economics	political economy	Q47555
political economy	political economy	Q47555
asia	oriental studies	Q476294
oriental studies	oriental studies	Q476294
orientalistica	oriental studies	Q476294
archaeobiology	archaeobiology	Q4785356
upper paleolithic	Upper Paleolithic	Q479505
asian studies	Asian studies	Q4806809
socio-economic development	socioeconomic development	Q4810841
australian studies	Australian studies	Q4825228
gis	geographic information system	Q483130
hellenic studies	Hellenic studies	Q489119
modern greek	Hellenic studies	Q489119
catalan history	history of Catalan	Q4891602
arab world history	history of the Arabs	Q48999793
local communities	local community	Q490933
ukraine	Ukrainian studies	Q491679
ukrainian studies	Ukrainian studies	Q491679
legal studies	jurisprudence	Q4932206
classical philology	classical philology	Q495527
business	business studies	Q5001951
business sciences	business studies	Q5001951
bussines	business studies	Q5001951
christianism	Christianity	Q5043
celtic linguistics	Celtic literature	Q5058556
celtic literature	Celtic literature	Q5058556
central asia	Central Asian studies	Q5060376
art historiography	art history	Q50637
art history	art history	Q50637
history of art	history of art	Q50641
history of arts	history of art	Q50641
historiography	historiography	Q50675
armenology	Armenian studies	Q513850
italian minority	Italian studies	Q515601
italian studies	Italian studies	Q515601
middle eastern history	history of the Middle East	Q51615
conservation science	conservation science	Q5163001
conservation sciences	conservation science	Q5163001
records management	records management	Q517656
curriculum studies	curriculum studies	Q5195144
physiology	physiology	Q521
biogeography	biogeography	Q52106
design research	design research	Q5264373
diaspora studies	diaspora studies	Q5272085
dalmatia	Dalmatia	Q528042
administration	administration	Q5283295
early modern	early modern period	Q5308718
early modern age	early modern period	Q5308718
early modern period	early modern period	Q5308718
environmental humanities	environmental humanities	Q5333239
educational theory	education theory	Q5341232
oceania	Insular Oceania	Q538
eurasia	Eurasia	Q5401
public policy	public policy	Q546113
public policy issues	public policy	Q546113
history of international relations	history of international relations	Q55022436
artistic disciplines	art	Q55336315
palestine	history of Palestine	Q556079
slavic folklore	Slavic folklore	Q55858818
oral history	oral history	Q558929
oral sources	oral history	Q558929
thought	thought	Q56350999
antiquities	antiquarianism	Q56418598
transnational	international studies	Q5654877
transnational studies	international studies	Q5654877
history of ideas	history of ideas	Q570018
history of intellectual life	history of ideas	Q570018
intellectual history	history of ideas	Q570018
pacific studies	Pacific and Asian studies	Q57082815
croatia	Croatian studies	Q575929
croatian culture	Croatian studies	Q575929
croatian language	Croatian studies	Q575929
croatian language and literature	Croatian studies	Q575929
experimental studies	experimental science	Q5769081
history and philosophy of science	history and philosophy of science	Q5774812
historical demography	historical demography	Q580130
social development	social development	Q5803805
economic policies	economic policy	Q582577
economic policy	economic policy	Q582577
comparative philology	comparative philology	Q5862006
history & archaeology	history of archaeology	Q5867387
history of archaeology	history of archaeology	Q5867387
history of archeology	history of archaeology	Q5867387
literary criticism	literary criticism	Q58854
philosophy	philosophy	Q5891
labor history	labor history	Q59029
labour history	labor history	Q59029
cinema	cinematography	Q590870
philosophy of science	philosophy of science	Q59115
educational psychology	educational psychology	Q59157
archaeological methods	archaeological method	Q6011902
theory and methods in archaeology	archaeological method	Q6011902
bibliometrics	bibliometrics	Q603441
modern archaeology	Modern archaeology	Q60775519
islamicjerusalem	Islamic Jerusalem Studies	Q6082500
public archaeology	public archaeology	Q61971571
comparative studies	cross-cultural studies	Q621368
interculturality	cross-cultural studies	Q621368
art practice	art practice	Q62302889
ottoman studies	Ottoman studies	Q623313
conservation	conservation	Q628403
urbanism	urban design	Q63100
numismatics	numismatics	Q631286
decorative arts	decorative art	Q631931
anatolian archaeology	archaeology of Anatolia	Q63534861
experimental archaeology	experimental archaeology	Q636066
archaeogenetic studies	archeogenetics	Q636489
archaeological science	archaeological science	Q637284
archaeological sciences	archaeological science	Q637284
archaeometry	archaeological science	Q637284
archeometry	archaeological science	Q637284
arkeometri	archaeological science	Q637284
book reviews	book review	Q637866
region of istria	Istria	Q639912
mythology	comparative mythology	Q640280
biodiversity conservation	conservation biology	Q641498
conservation biology	conservation biology	Q641498
islamic history	history of Islam	Q642379
global history	world history	Q6457238
world history	world history	Q6457238
history of the low countries	history of the Low Countries	Q6460693
low countries	history of the Low Countries	Q6460693
roman history	history of Rome	Q646206
rome	history of Rome	Q646206
language and literature	language and literature	Q64687382
global business	global business	Q64687605
behavioral economics	behavioral economics	Q647525
heritage management	heritage management	Q64808611
contemporary society	con­tem­por­ary so­ci­et­y	Q64809297
hotel management	hotel management	Q64809639
byzantine studies	Byzantine studies	Q648154
history of literature	history of literature	Q6497044
literary history	history of literature	Q6497044
literature history	history of literature	Q6497044
mediterranean	Mediterranean studies	Q65054879
mediterranean antique history	Mediterranean studies	Q65054879
mediterranean basin	Mediterranean studies	Q65054879
mediterranean studies	Mediterranean studies	Q65054879
the mediterranean	Mediterranean studies	Q65054879
economic development	development studies	Q651571
mediation	Act of Mediation	Q666909
social communication	social communication	Q6701907
maritime studies	maritime studies	Q6765895
ancient law	legal history	Q680004
history of law	legal history	Q680004
legal history	legal history	Q680004
new media	new media	Q683794
american history	history of the Americas	Q690256
west indian history	history of the Americas	Q690256
20th century	20th century	Q6927
twenty century	20th century	Q6927
19th century	19th century	Q6955
nineteen century	19th century	Q6955
proto-history	Protohistory	Q695827
protohistory	Protohistory	Q695827
town planning history	urban planning	Q69883
urban development	urban planning	Q69883
urban planning	urban planning	Q69883
interdisciplinary research	interdisciplinary studies	Q69975710
interdisciplinary studies	interdisciplinary studies	Q69975710
eighteenth-century studies	18th century	Q7015
theoretical economics	theoretical economics	Q70274700
biochemistry	biochemistry	Q7094
pacific region	Pacific studies	Q7122791
korean history	history of Korea	Q713414
korean culture	Korean studies	Q714838
korean studies	Korean studies	Q714838
ecology	ecology	Q7150
history and ecology	ecology	Q7150
genetics	genetics	Q7162
marine biology	marine biology	Q7173
globalization	globalization	Q7181
palaeo-research	paleontology	Q7205
palaeontology	paleontology	Q7205
paleontology	paleontology	Q7205
popular culture	popular culture studies	Q7229751
feminism	feminism	Q7252
public humanities	public humanities	Q7257903
nazi period	Nazism	Q7310
art	art	Q735
rural history	rural history	Q7380580
jewish linguistics	study of the Hebrew language	Q739465
comparative law	comparative law	Q741338
political sociology	political sociology	Q745692
slavic literature	Slavic literature	Q7539371
slavic literatures	Slavic literature	Q7539371
sociocultural anthropology	sociocultural anthropology	Q7552777
health sociology	sociology of health and illness	Q7552854
race relations	sociology of race and ethnic relations	Q7552863
translation	translation	Q7553
languages and literature of eastern asia	Southeast Asian studies	Q7569309
southeast asian studies	Southeast Asian studies	Q7569309
papyrology	papyrology	Q757248
soviet period	Soviet studies	Q76243567
cliodynamics	cliodynamics	Q766002
animal conservation	wildlife conservation	Q766328
wildlife conservation	wildlife conservation	Q766328
english teaching	teaching English as a second or foreign language	Q7691272
auxiliary sciences of history	auxiliary science of history	Q770723
history of spain	history of Spain	Q7781
spain	history of Spain	Q7781
spanish history	history of Spain	Q7781
european history	history of Europe	Q7787
history of europe	history of Europe	Q7787
portugal	history of Portugal	Q7790
italian history	history of Italy	Q7791
italy	history of Italy	Q7791
greek history	history of Greece	Q7794
history of greece	history of Greece	Q7794
traditional knowledge	traditional ecological knowledge	Q7832334
egypt	Egypt	Q79
didactics	didactic method	Q7921
pedagogical practices	pedagogy	Q7922
pedagogy	pedagogy	Q7922
biblical studies	biblical studies	Q794605
natural sciences	natural science	Q7991
armenian genocide	Armenian Genocide	Q80034
earth sciences	Earth science	Q8008
arts and humanities	humanities	Q80083
humamities	humanities	Q80083
humanistic sciences	humanities	Q80083
humanistic studies	humanities	Q80083
humanities	humanities	Q80083
built heritage	architectural heritage monument	Q811165
monuments	architectural heritage monument	Q811165
economic	economics	Q8134
economic growth	economics	Q8134
economics	economics	Q8134
economy	economics	Q8134
history and economics	economics	Q8134
language	linguistics	Q8162
language and linguistics	linguistics	Q8162
languages	linguistics	Q8162
linguistic	linguistics	Q8162
linguistics	linguistics	Q8162
linguistics and philology	linguistics	Q8162
architectural history	history of architecture	Q8180985
architecture history	history of architecture	Q8180985
history of architecture	history of architecture	Q8180985
taxonomy	taxonomy	Q8269924
social policies	social policy	Q828395
social policy	social policy	Q828395
mineralogy	mineralogy	Q83353
comparative literature	comparative literature	Q834903
citizenship education	civics	Q837313
civic education	civics	Q837313
civics	civics	Q837313
urban archaeology	urban archaeology	Q839006
human evolution	human evolution	Q83944
classical antiquity	classics	Q841090
classical studies	classics	Q841090
classics	classics	Q841090
recent period turkish studies	Turkology	Q8427
turkish civilization	Turkology	Q8427
turkish culture	Turkology	Q8427
turkısh culture	Turkology	Q8427
education	education	Q8434
crtical thinking	critical thinking	Q843894
history of islamic civilization	Islamic studies	Q843909
history of islamic culture	Islamic studies	Q843909
islam	Islamic studies	Q843909
islamic civilization	Islamic studies	Q843909
islamic empire	Islamic studies	Q843909
islamic studies	Islamic studies	Q843909
muslim community	Islamic studies	Q843909
human rights	human rights	Q8458
history of religion	history of religions	Q846742
history of religions	history of religions	Q846742
plant conservation	plant conservation	Q84861608
ethnolinguistics	ethnolinguistics	Q853085
hungarology	Hungarian studies	Q855627
caribbean studies	Caribbean studies	Q85710429
cultural history	cultural history	Q858517
culture history	cultural history	Q858517
history of culture	cultural history	Q858517
arabic language	Arabic Language Studies	Q85873793
sculpture	sculpture	Q860861
education history	history of education	Q861408
educational history	history of education	Q861408
historiography of education	history of education	Q861408
history education	history of education	Q861408
history of education	history of education	Q861408
science education history	history of education	Q861408
educational investigation	educational sciences	Q861641
educational sciences	educational sciences	Q861641
learning	educational sciences	Q861641
teaching	educational sciences	Q861641
training	educational sciences	Q861641
visual culture	visual culture	Q861716
visual studies	visual culture	Q861716
comparative linguistics	comparative linguistics	Q878226
colonial history	colonial history	Q89269073
colonial latinamerican history	colonial history	Q89269073
tunisia	history of Tunisia	Q900419
social history	social history	Q908604
soil science	soil science	Q9161265
archaeology of africa	African archaeology	Q920321
baltic region	Scandinavian studies	Q922219
baltic sea region	Scandinavian studies	Q922219
nordic	Scandinavian studies	Q922219
nordic countries	Scandinavian studies	Q922219
northern history	Scandinavian studies	Q922219
scandinavian	Scandinavian studies	Q922219
scandinavian studies	Scandinavian studies	Q922219
archaeological heritage	archaeological heritage	Q9248361
jewish religion	Judaism	Q9268
financial economy	financial economy	Q9274747
area studies	area studies	Q928786
regional studies	area studies	Q928786
cinema history	history of cinema	Q9292847
korean arts	Korean art	Q929402
grassroots organizations	grassroots	Q929651
imaging	medical imaging	Q931309
political theory	political theory	Q9357091
psychology	psychology	Q9418
ethics	ethics	Q9465
epistemology	epistemology	Q9471
estonian history	history of Estonia	Q949423
excavation	archaeological excavation	Q959782
sufism	Sufism	Q9603
theater	theatre studies	Q960543
theatre	theatre studies	Q960543
jewish history	Jewish history	Q961603
medieval literature	medieval literature	Q963619
greek epigraphy	Greek epigraphy	Q972132
tourism	tourism studies	Q976962
curatorial studies	curatorial studies	Q98641248
history of books	history of books	Q998434
